{
    "matrix": {
        "rows": 4,
        "cols": 10
    },
    "layouts": {
        "labels": [],
        "keymap": [
            [
                {
                    "y": 0.5,
                    "x": 3.5
                },
                "0,2",
                {
                    "x": 6
                },
                "0,7"
            ],
            [
                {
                    "y": 0.050000000000000044,
                    "x": 3.5
                },
                "1,2",
                {
                    "x": 6
                },
                "1,7"
            ],
            [
                {
                    "y": 0.04999999999999982,
                    "x": 3.5
                },
                "2,2"
            ],
            [
                {
                    "y": -0.9999999999999996,
                    "x": 10.5
                },
                "2,7"
            ],
            [
                {
                    "y": 0.8999999999999999,
                    "x": 5
                },
                "2,3",
                {
                    "x": 3
                },
                "2,6"
            ],
            [
                {
                    "r": 4,
                    "y": -5.5,
                    "x": 12
                },
                "0,8"
            ],
            [
                {
                    "y": 0.050000000000000044,
                    "x": 12
                },
                "1,8"
            ],
            [
                {
                    "y": 0.050000000000000266,
                    "x": 12
                },
                "2,8"
            ],
            [
                {
                    "r": 5,
                    "y": -2.6,
                    "x": 5
                },
                "0,3"
            ],
            [
                {
                    "y": 0.050000000000000044,
                    "x": 5
                },
                "1,3"
            ],
            [
                {
                    "r": 7,
                    "y": -1.85,
                    "x": 6.2
                },
                "0,4"
            ],
            [
                {
                    "y": 0.050000000000000044,
                    "x": 6.2
                },
                "1,4"
            ],
            [
                {
                    "r": 7.5,
                    "y": -2.65,
                    "x": 13.5
                },
                "0,9"
            ],
            [
                {
                    "y": 0.04999999999999982,
                    "x": 13.5
                },
                "1,9"
            ],
            [
                {
                    "y": 0.050000000000000266,
                    "x": 13.5
                },
                "2,9"
            ],
            [
                {
                    "r": 9,
                    "y": 0.2999999999999998,
                    "x": 7
                },
                "2,4"
            ],
            [
                {
                    "r": 15,
                    "y": -2.5,
                    "x": 13.75
                },
                "3,9"
            ],
            [
                {
                    "r": 17,
                    "y": 0.75,
                    "x": 7
                },
                "3,4"
            ],
            [
                {
                    "a": 7
                },
                ""
            ],
            [
                {
                    "r": -17,
                    "y": 2.3499999999999996,
                    "x": 6.2,
                    "a": 4
                },
                "3,5"
            ],
            [
                {
                    "r": -15,
                    "y": -3.0999999999999996
                },
                "3,0"
            ],
            [
                {
                    "r": -9,
                    "y": -1.1500000000000004,
                    "x": 6.9
                },
                "2,5"
            ],
            [
                {
                    "r": -7.5,
                    "y": -4.85,
                    "x": 0.5
                },
                "0,0"
            ],
            [
                {
                    "y": 0.04999999999999982,
                    "x": 0.5
                },
                "1,0"
            ],
            [
                {
                    "y": 0.04999999999999982,
                    "x": 0.5
                },
                "2,0"
            ],
            [
                {
                    "r": -7,
                    "y": -2.5999999999999996,
                    "x": 7.75
                },
                "0,5"
            ],
            [
                {
                    "y": 0.04999999999999982,
                    "x": 7.75
                },
                "1,5"
            ],
            [
                {
                    "r": -5,
                    "y": -2.75,
                    "x": 9
                },
                "0,6"
            ],
            [
                {
                    "y": 0.050000000000000266,
                    "x": 9
                },
                "1,6"
            ],
            [
                {
                    "r": -4,
                    "y": -2.85,
                    "x": 2
                },
                "0,1"
            ],
            [
                {
                    "y": 0.04999999999999982,
                    "x": 2
                },
                "1,1"
            ],
            [
                {
                    "y": 0.04999999999999982,
                    "x": 2
                },
                "2,1"
            ]
        ]
    }
}